Calendar Date,SP 500 Level
20050103,1202.08
20050104,1188.05
20050105,1183.74
20050106,1187.89
20050107,1186.19
20050110,1190.25
20050111,1182.99
20050112,1187.7
20050113,1177.45
20050114,1184.52
20050118,1195.98
20050119,1184.63
20050120,1175.41
20050121,1167.87
20050124,1163.75
20050125,1168.41
20050126,1174.07
20050127,1174.55
20050128,1171.36
20050131,1181.27
20050201,1189.41
20050202,1193.19
20050203,1189.89
20050204,1203.03
20050207,1201.72
20050208,1202.3
20050209,1191.99
20050210,1197.01
20050211,1205.3
20050214,1206.14
20050215,1210.12
20050216,1210.34
20050217,1200.75
20050218,1201.59
20050222,1184.16
20050223,1190.8
20050224,1200.2
20050225,1211.37
20050228,1203.6
20050301,1210.41
20050302,1210.08
20050303,1210.47
20050304,1222.12
20050307,1225.31
20050308,1219.43
20050309,1207.01
20050310,1209.25
20050311,1200.08
20050314,1206.83
20050315,1197.75
20050316,1188.07
20050317,1190.21
20050318,1189.65
20050321,1183.78
20050322,1171.71
20050323,1172.53
20050324,1171.42
20050328,1174.28
20050329,1165.36
20050330,1181.41
20050331,1180.59
20050401,1172.92
20050404,1176.12
20050405,1181.39
20050406,1184.07
20050407,1191.14
20050408,1181.2
20050411,1181.21
20050412,1187.76
20050413,1173.79
20050414,1162.05
20050415,1142.62
20050418,1145.98
20050419,1152.78
20050420,1137.5
20050421,1159.95
20050422,1152.12
20050425,1162.1
20050426,1151.74
20050427,1156.38
20050428,1143.22
20050429,1156.85
20050502,1162.16
20050503,1161.17
20050504,1175.65
20050505,1172.63
20050506,1171.35
20050509,1178.84
20050510,1166.22
20050511,1171.11
20050512,1159.36
20050513,1154.05
20050516,1165.69
20050517,1173.8
20050518,1185.56
20050519,1191.08
20050520,1189.28
20050523,1193.86
20050524,1194.07
20050525,1190.01
20050526,1197.62
20050527,1198.78
20050531,1191.5
20050601,1202.27
20050602,1204.29
20050603,1196.02
20050606,1197.51
20050607,1197.26
20050608,1194.67
20050609,1200.93
20050610,1198.11
20050613,1200.82
20050614,1203.91
20050615,1206.58
20050616,1210.96
20050617,1216.96
20050620,1216.1
20050621,1213.61
20050622,1213.88
20050623,1200.73
20050624,1191.57
20050627,1190.69
20050628,1201.57
20050629,1199.85
20050630,1191.33
20050701,1194.44
20050705,1204.99
20050706,1194.94
20050707,1197.87
20050708,1211.86
20050711,1219.44
20050712,1222.21
20050713,1223.29
20050714,1226.5
20050715,1227.92
20050718,1221.13
20050719,1229.35
20050720,1235.2
20050721,1227.04
20050722,1233.68
20050725,1229.03
20050726,1231.16
20050727,1236.79
20050728,1243.72
20050729,1234.18
20050801,1235.35
20050802,1244.12
20050803,1245.04
20050804,1235.86
20050805,1226.42
20050808,1223.13
20050809,1231.38
20050810,1229.13
20050811,1237.81
20050812,1230.39
20050815,1233.87
20050816,1219.34
20050817,1220.24
20050818,1219.02
20050819,1219.71
20050822,1221.73
20050823,1217.57
20050824,1209.59
20050825,1212.39
20050826,1205.1
20050829,1212.28
20050830,1208.41
20050831,1220.33
20050901,1221.59
20050902,1218.02
20050906,1233.39
20050907,1236.36
20050908,1231.67
20050909,1241.48
20050912,1240.56
20050913,1231.2
20050914,1227.16
20050915,1227.73
20050916,1237.91
20050919,1231.02
20050920,1221.34
20050921,1210.2
20050922,1214.62
20050923,1215.29
20050926,1215.63
20050927,1215.66
20050928,1216.89
20050929,1227.68
20050930,1228.81
20051003,1226.7
20051004,1214.47
20051005,1196.39
20051006,1191.49
20051007,1195.9
20051010,1187.33
20051011,1184.87
20051012,1177.68
20051013,1176.84
20051014,1186.57
20051017,1190.1
20051018,1178.14
20051019,1195.76
20051020,1177.8
20051021,1179.59
20051024,1199.38
20051025,1196.54
20051026,1191.38
20051027,1178.9
20051028,1198.41
20051031,1207.01
20051101,1202.76
20051102,1214.76
20051103,1219.94
20051104,1220.14
20051107,1222.81
20051108,1218.59
20051109,1220.65
20051110,1230.96
20051111,1234.72
20051114,1233.76
20051115,1229.01
20051116,1231.21
20051117,1242.8
20051118,1248.27
20051121,1254.85
20051122,1261.23
20051123,1265.61
20051125,1268.25
20051128,1257.46
20051129,1257.48
20051130,1249.48
20051201,1264.67
20051202,1265.08
20051205,1262.09
20051206,1263.7
20051207,1257.37
20051208,1255.84
20051209,1259.37
20051212,1260.43
20051213,1267.43
20051214,1272.74
20051215,1270.94
20051216,1267.32
20051219,1259.92
20051220,1259.62
20051221,1262.79
20051222,1268.12
20051223,1268.66
20051227,1256.54
20051228,1258.17
20051229,1254.42
20051230,1248.29
20060103,1268.8
20060104,1273.46
20060105,1273.48
20060106,1285.45
20060109,1290.15
20060110,1289.69
20060111,1294.18
20060112,1286.06
20060113,1287.61
20060117,1282.93
20060118,1277.93
20060119,1285.04
20060120,1261.49
20060123,1263.82
20060124,1266.86
20060125,1264.68
20060126,1273.83
20060127,1283.72
20060130,1285.2
20060131,1280.08
20060201,1282.46
20060202,1270.84
20060203,1264.03
20060206,1265.02
20060207,1254.78
20060208,1265.65
20060209,1263.78
20060210,1266.99
20060213,1262.86
20060214,1275.53
20060215,1280
20060216,1289.38
20060217,1287.24
20060221,1283.03
20060222,1292.67
20060223,1287.79
20060224,1289.43
20060227,1294.12
20060228,1280.66
20060301,1291.24
20060302,1289.14
20060303,1287.23
20060306,1278.26
20060307,1275.88
20060308,1278.47
20060309,1272.23
20060310,1281.58
20060313,1284.13
20060314,1297.48
20060315,1303.02
20060316,1305.33
20060317,1307.25
20060320,1305.08
20060321,1297.23
20060322,1305.04
20060323,1301.67
20060324,1302.95
20060327,1301.61
20060328,1293.23
20060329,1302.89
20060330,1300.25
20060331,1294.83
20060403,1297.81
20060404,1305.93
20060405,1311.56
20060406,1309.04
20060407,1295.5
20060410,1296.6
20060411,1286.57
20060412,1288.12
20060413,1289.12
20060417,1285.33
20060418,1307.65
20060419,1309.93
20060420,1311.46
20060421,1311.28
20060424,1308.11
20060425,1301.74
20060426,1305.41
20060427,1309.72
20060428,1310.61
20060501,1305.19
20060502,1313.21
20060503,1307.85
20060504,1312.25
20060505,1325.76
20060508,1324.66
20060509,1325.14
20060510,1322.85
20060511,1305.92
20060512,1291.24
20060515,1294.5
20060516,1292.08
20060517,1270.32
20060518,1261.81
20060519,1267.03
20060522,1262.07
20060523,1256.58
20060524,1258.57
20060525,1272.88
20060526,1280.16
20060530,1259.84
20060531,1270.09
20060601,1285.71
20060602,1288.22
20060605,1265.29
20060606,1263.85
20060607,1256.15
20060608,1257.93
20060609,1252.3
20060612,1236.4
20060613,1223.69
20060614,1230.04
20060615,1256.16
20060616,1251.54
20060619,1240.14
20060620,1240.12
20060621,1252.2
20060622,1245.6
20060623,1244.5
20060626,1250.56
20060627,1239.2
20060628,1246
20060629,1272.87
20060630,1270.2
20060703,1280.19
20060705,1270.91
20060706,1274.08
20060707,1265.48
20060710,1267.34
20060711,1272.52
20060712,1258.6
20060713,1242.29
20060714,1236.2
20060717,1234.49
20060718,1236.86
20060719,1259.81
20060720,1249.13
20060721,1240.29
20060724,1260.91
20060725,1268.88
20060726,1268.4
20060727,1263.2
20060728,1278.55
20060731,1276.66
20060801,1270.92
20060802,1278.55
20060803,1280.27
20060804,1279.36
20060807,1275.77
20060808,1271.48
20060809,1265.95
20060810,1271.81
20060811,1266.74
20060814,1268.21
20060815,1285.58
20060816,1295.43
20060817,1297.48
20060818,1302.3
20060821,1297.52
20060822,1298.82
20060823,1292.99
20060824,1296.06
20060825,1295.09
20060828,1301.78
20060829,1304.28
20060830,1304.27
20060831,1303.82
20060901,1311.01
20060905,1313.25
20060906,1300.26
20060907,1294.02
20060908,1298.92
20060911,1299.54
20060912,1313.11
20060913,1318.07
20060914,1316.28
20060915,1319.87
20060918,1321.18
20060919,1318.31
20060920,1325.18
20060921,1318.03
20060922,1314.78
20060925,1326.37
20060926,1336.34
20060927,1336.59
20060928,1339.15
20060929,1335.85
20061002,1331.32
20061003,1334.11
20061004,1350.22
20061005,1353.22
20061006,1349.58
20061009,1350.66
20061010,1353.42
20061011,1349.95
20061012,1362.83
20061013,1365.62
20061016,1369.05
20061017,1364.05
20061018,1365.96
20061019,1366.96
20061020,1368.6
20061023,1377.02
20061024,1377.38
20061025,1382.22
20061026,1389.08
20061027,1377.34
20061030,1377.93
20061031,1377.94
20061101,1367.81
20061102,1367.34
20061103,1364.3
20061106,1379.78
20061107,1382.84
20061108,1385.72
20061109,1378.33
20061110,1380.9
20061113,1384.42
20061114,1393.22
20061115,1396.57
20061116,1399.76
20061117,1401.2
20061120,1400.5
20061121,1402.81
20061122,1406.09
20061124,1400.95
20061127,1381.9
20061128,1386.72
20061129,1399.48
20061130,1400.63
20061201,1396.71
20061204,1409.12
20061205,1414.76
20061206,1412.9
20061207,1407.29
20061208,1409.84
20061211,1413.04
20061212,1411.56
20061213,1413.21
20061214,1425.49
20061215,1427.09
20061218,1422.48
20061219,1425.55
20061220,1423.53
20061221,1418.3
20061222,1410.76
20061226,1416.9
20061227,1426.84
20061228,1424.73
20061229,1418.3
20070103,1416.6
20070104,1418.34
20070105,1409.71
20070108,1412.84
20070109,1412.11
20070110,1414.85
20070111,1423.82
20070112,1430.73
20070116,1431.9
20070117,1430.62
20070118,1426.37
20070119,1430.5
20070122,1422.95
20070123,1427.99
20070124,1440.13
20070125,1423.9
20070126,1422.18
20070129,1420.62
20070130,1428.82
20070131,1438.24
20070201,1445.94
20070202,1448.39
20070205,1446.99
20070206,1448
20070207,1450.02
20070208,1448.31
20070209,1438.06
20070212,1433.37
20070213,1444.26
20070214,1455.3
20070215,1456.81
20070216,1455.54
20070220,1459.68
20070221,1457.63
20070222,1456.38
20070223,1451.19
20070226,1449.37
20070227,1399.04
20070228,1406.82
20070301,1403.17
20070302,1387.17
20070305,1374.12
20070306,1395.41
20070307,1391.97
20070308,1401.89
20070309,1402.85
20070312,1406.6
20070313,1377.95
20070314,1387.17
20070315,1392.28
20070316,1386.95
20070319,1402.06
20070320,1410.94
20070321,1435.04
20070322,1434.54
20070323,1436.11
20070326,1437.5
20070327,1428.61
20070328,1417.23
20070329,1422.53
20070330,1420.86
20070402,1424.55
20070403,1437.77
20070404,1439.37
20070405,1443.76
20070409,1444.61
20070410,1448.39
20070411,1438.87
20070412,1447.8
20070413,1452.85
20070416,1468.47
20070417,1471.48
20070418,1472.5
20070419,1470.73
20070420,1484.35
20070423,1480.93
20070424,1480.41
20070425,1495.42
20070426,1494.25
20070427,1494.07
20070430,1482.37
20070501,1486.3
20070502,1495.92
20070503,1502.39
20070504,1505.62
20070507,1509.48
20070508,1507.72
20070509,1512.58
20070510,1491.47
20070511,1505.85
20070514,1503.15
20070515,1501.19
20070516,1514.14
20070517,1512.75
20070518,1522.75
20070521,1525.1
20070522,1524.12
20070523,1522.28
20070524,1507.51
20070525,1515.73
20070529,1518.11
20070530,1530.23
20070531,1530.62
20070601,1536.34
20070604,1539.18
20070605,1530.95
20070606,1517.38
20070607,1490.72
20070608,1507.67
20070611,1509.12
20070612,1493
20070613,1515.67
20070614,1522.97
20070615,1532.91
20070618,1531.05
20070619,1533.7
20070620,1512.84
20070621,1522.19
20070622,1502.56
20070625,1497.74
20070626,1492.89
20070627,1506.34
20070628,1505.71
20070629,1503.35
20070702,1519.43
20070703,1524.87
20070705,1525.4
20070706,1530.44
20070709,1531.85
20070710,1510.12
20070711,1518.76
20070712,1547.7
20070713,1552.5
20070716,1549.52
20070717,1549.37
20070718,1546.17
20070719,1553.08
20070720,1534.1
20070723,1541.57
20070724,1511.04
20070725,1518.09
20070726,1482.66
20070727,1458.95
20070730,1473.91
20070731,1455.27
20070801,1465.81
20070802,1472.2
20070803,1433.06
20070806,1467.67
20070807,1476.71
20070808,1497.49
20070809,1453.09
20070810,1453.64
20070813,1452.92
20070814,1426.54
20070815,1406.7
20070816,1411.27
20070817,1445.94
20070820,1445.55
20070821,1447.12
20070822,1464.07
20070823,1462.5
20070824,1479.37
20070827,1466.79
20070828,1432.36
20070829,1463.76
20070830,1457.64
20070831,1473.99
20070904,1489.42
20070905,1472.29
20070906,1478.55
20070907,1453.55
20070910,1451.7
20070911,1471.49
20070912,1471.56
20070913,1483.95
20070914,1484.25
20070917,1476.65
20070918,1519.78
20070919,1529.03
20070920,1518.75
20070921,1525.75
20070924,1517.73
20070925,1517.21
20070926,1525.42
20070927,1531.38
20070928,1526.75
20071001,1547.04
20071002,1546.63
20071003,1539.59
20071004,1542.84
20071005,1557.59
20071008,1552.58
20071009,1565.15
20071010,1562.47
20071011,1554.41
20071012,1561.8
20071015,1548.71
20071016,1538.53
20071017,1541.24
20071018,1540.08
20071019,1500.63
20071022,1506.33
20071023,1519.59
20071024,1515.88
20071025,1514.4
20071026,1535.28
20071029,1540.98
20071030,1531.02
20071031,1549.38
20071101,1508.44
20071102,1509.65
20071105,1502.17
20071106,1520.27
20071107,1475.62
20071108,1474.77
20071109,1453.7
20071112,1439.18
20071113,1481.05
20071114,1470.58
20071115,1451.15
20071116,1458.74
20071119,1433.27
20071120,1439.7
20071121,1416.77
20071123,1440.7
20071126,1407.22
20071127,1428.23
20071128,1469.02
20071129,1469.72
20071130,1481.14
20071203,1472.42
20071204,1462.79
20071205,1485.01
20071206,1507.34
20071207,1504.66
20071210,1515.96
20071211,1477.65
20071212,1486.59
20071213,1488.41
20071214,1467.95
20071217,1445.9
20071218,1454.98
20071219,1453
20071220,1460.12
20071221,1484.46
20071224,1496.45
20071226,1497.66
20071227,1476.37
20071228,1478.49
20071231,1468.36
20080102,1447.16
20080103,1447.16
20080104,1411.63
20080107,1416.18
20080108,1390.19
20080109,1409.13
20080110,1420.33
20080111,1401.02
20080114,1416.25
20080115,1380.95
20080116,1373.2
20080117,1333.25
20080118,1325.19
20080122,1310.5
20080123,1338.6
20080124,1352.07
20080125,1330.61
20080128,1353.97
20080129,1362.3
20080130,1355.81
20080131,1378.55
20080201,1395.42
20080204,1380.82
20080205,1336.64
20080206,1326.45
20080207,1336.91
20080208,1331.29
20080211,1339.13
20080212,1348.86
20080213,1367.21
20080214,1348.86
20080215,1349.99
20080219,1348.78
20080220,1360.03
20080221,1342.53
20080222,1353.11
20080225,1371.8
20080226,1381.29
20080227,1380.02
20080228,1367.68
20080229,1330.63
20080303,1331.34
20080304,1326.75
20080305,1333.7
20080306,1304.34
20080307,1293.37
20080310,1273.37
20080311,1320.65
20080312,1308.77
20080313,1315.48
20080314,1288.14
20080317,1276.6
20080318,1330.74
20080319,1298.42
20080320,1329.51
20080324,1349.88
20080325,1352.99
20080326,1341.13
20080327,1325.76
20080328,1315.22
20080331,1322.7
20080401,1370.18
20080402,1367.53
20080403,1369.31
20080404,1370.4
20080407,1372.54
20080408,1365.54
20080409,1354.49
20080410,1360.55
20080411,1332.83
20080414,1328.32
20080415,1334.43
20080416,1364.71
20080417,1365.56
20080418,1390.33
20080421,1388.17
20080422,1375.94
20080423,1379.93
20080424,1388.82
20080425,1397.84
20080428,1396.37
20080429,1390.94
20080430,1385.59
20080501,1409.34
20080502,1413.9
20080505,1407.49
20080506,1418.26
20080507,1392.57
20080508,1397.68
20080509,1388.28
20080512,1403.58
20080513,1403.04
20080514,1408.66
20080515,1423.57
20080516,1425.35
20080519,1426.63
20080520,1413.4
20080521,1390.71
20080522,1394.35
20080523,1375.93
20080527,1385.35
20080528,1390.84
20080529,1398.26
20080530,1400.38
20080602,1385.67
20080603,1377.65
20080604,1377.2
20080605,1404.05
20080606,1360.68
20080609,1361.76
20080610,1358.44
20080611,1335.49
20080612,1339.87
20080613,1360.03
20080616,1360.14
20080617,1350.93
20080618,1337.81
20080619,1342.83
20080620,1317.93
20080623,1318
20080624,1314.29
20080625,1321.97
20080626,1283.15
20080627,1278.38
20080630,1280
20080701,1284.91
20080702,1261.52
20080703,1262.9
20080707,1252.31
20080708,1273.7
20080709,1244.69
20080710,1253.39
20080711,1239.49
20080714,1228.3
20080715,1214.91
20080716,1245.36
20080717,1260.32
20080718,1260.68
20080721,1260
20080722,1277
20080723,1282.19
20080724,1252.54
20080725,1257.76
20080728,1234.37
20080729,1263.2
20080730,1284.26
20080731,1267.38
20080801,1260.31
20080804,1249.01
20080805,1284.88
20080806,1289.19
20080807,1266.07
20080808,1296.32
20080811,1305.32
20080812,1289.59
20080813,1285.83
20080814,1292.93
20080815,1298.2
20080818,1278.6
20080819,1266.69
20080820,1274.54
20080821,1277.72
20080822,1292.2
20080825,1266.84
20080826,1271.51
20080827,1281.66
20080828,1300.68
20080829,1282.83
20080902,1277.58
20080903,1274.98
20080904,1236.83
20080905,1242.31
20080908,1267.79
20080909,1224.51
20080910,1232.04
20080911,1249.05
20080912,1251.7
20080915,1192.7
20080916,1213.59
20080917,1156.39
20080918,1206.51
20080919,1255.08
20080922,1207.09
20080923,1188.22
20080924,1185.87
20080925,1209.18
20080926,1213.01
20080929,1106.39
20080930,1166.36
20081001,1161.06
20081002,1114.28
20081003,1099.23
20081006,1056.89
20081007,996.23
20081008,984.94
20081009,909.92
20081010,899.22
20081013,1003.35
20081014,998.01
20081015,907.84
20081016,946.43
20081017,940.55
20081020,985.4
20081021,955.05
20081022,896.78
20081023,908.11
20081024,876.77
20081027,848.92
20081028,940.51
20081029,930.09
20081030,954.09
20081031,968.75
20081103,966.3
20081104,1005.75
20081105,952.77
20081106,904.88
20081107,930.99
20081110,919.21
20081111,898.95
20081112,852.3
20081113,911.29
20081114,873.29
20081117,850.75
20081118,859.12
20081119,806.58
20081120,752.44
20081121,800.03
20081124,851.81
20081125,857.39
20081126,887.68
20081128,896.24
20081201,816.21
20081202,848.81
20081203,870.74
20081204,845.22
20081205,876.07
20081208,909.7
20081209,888.67
20081210,899.24
20081211,873.59
20081212,879.73
20081215,868.57
20081216,913.18
20081217,904.42
20081218,885.28
20081219,887.88
20081222,871.63
20081223,863.16
20081224,868.15
20081226,872.8
20081229,869.42
20081230,890.64
20081231,903.25
20090102,931.8
20090105,927.45
20090106,934.7
20090107,906.65
20090108,909.73
20090109,890.35
20090112,870.26
20090113,871.79
20090114,842.62
20090115,843.74
20090116,850.12
20090120,805.22
20090121,840.24
20090122,827.5
20090123,831.95
20090126,836.57
20090127,845.71
20090128,874.09
20090129,845.14
20090130,825.88
20090202,825.44
20090203,838.51
20090204,832.23
20090205,845.85
20090206,868.6
20090209,869.89
20090210,827.16
20090211,833.74
20090212,835.19
20090213,826.84
20090217,789.17
20090218,788.42
20090219,778.94
20090220,770.05
20090223,743.33
20090224,773.14
20090225,764.9
20090226,752.83
20090227,735.09
20090302,700.82
20090303,696.33
20090304,712.87
20090305,682.55
20090306,683.38
20090309,676.53
20090310,719.6
20090311,721.36
20090312,750.74
20090313,756.55
20090316,753.89
20090317,778.12
20090318,794.35
20090319,784.04
20090320,768.54
20090323,822.92
20090324,806.12
20090325,813.88
20090326,832.86
20090327,815.94
20090330,787.53
20090331,797.87
20090401,811.08
20090402,834.38
20090403,842.5
20090406,835.48
20090407,815.55
20090408,825.16
20090409,856.56
20090413,858.73
20090414,841.5
20090415,852.06
20090416,865.3
20090417,869.6
20090420,832.39
20090421,850.08
20090422,843.55
20090423,851.92
20090424,866.23
20090427,857.51
20090428,855.16
20090429,873.64
20090430,872.81
20090501,877.52
20090504,907.24
20090505,903.8
20090506,919.53
20090507,907.39
20090508,929.23
20090511,909.24
20090512,908.35
20090513,883.92
20090514,893.07
20090515,882.88
20090518,909.71
20090519,908.13
20090520,903.47
20090521,888.33
20090522,887
20090526,910.33
20090527,893.06
20090528,906.83
20090529,919.14
20090601,942.87
20090602,944.74
20090603,931.76
20090604,942.46
20090605,940.09
20090608,939.14
20090609,942.43
20090610,939.15
20090611,944.89
20090612,946.21
20090615,923.72
20090616,911.97
20090617,910.71
20090618,918.37
20090619,921.23
20090622,893.04
20090623,895.1
20090624,900.94
20090625,920.26
20090626,918.9
20090629,927.23
20090630,919.32
20090701,923.33
20090702,896.42
20090706,898.72
20090707,881.03
20090708,879.56
20090709,882.68
20090710,879.13
20090713,901.05
20090714,905.84
20090715,932.68
20090716,940.74
20090717,940.38
20090720,951.13
20090721,954.58
20090722,954.07
20090723,976.29
20090724,979.26
20090727,982.18
20090728,979.62
20090729,975.15
20090730,986.75
20090731,987.48
20090803,1002.63
20090804,1005.65
20090805,1002.72
20090806,997.08
20090807,1010.48
20090810,1007.1
20090811,994.35
20090812,1005.81
20090813,1012.73
20090814,1004.09
20090817,979.73
20090818,989.67
20090819,996.46
20090820,1007.37
20090821,1026.13
20090824,1025.57
20090825,1028
20090826,1028.12
20090827,1030.98
20090828,1028.93
20090831,1020.62
20090901,998.04
20090902,994.75
20090903,1003.24
20090904,1016.4
20090908,1025.39
20090909,1033.37
20090910,1044.14
20090911,1042.73
20090914,1049.34
20090915,1052.63
20090916,1068.76
20090917,1065.49
20090918,1068.3
20090921,1064.66
20090922,1071.66
20090923,1060.87
20090924,1050.78
20090925,1044.38
20090928,1062.98
20090929,1060.61
20090930,1057.08
20091001,1029.85
20091002,1025.21
20091005,1040.46
20091006,1054.72
20091007,1057.58
20091008,1065.48
20091009,1071.49
20091012,1076.19
20091013,1073.19
20091014,1092.02
20091015,1096.56
20091016,1087.68
20091019,1097.91
20091020,1091.06
20091021,1081.4
20091022,1092.91
20091023,1079.6
20091026,1066.95
20091027,1063.41
20091028,1042.63
20091029,1066.11
20091030,1036.19
20091102,1042.88
20091103,1045.41
20091104,1046.5
20091105,1066.63
20091106,1069.3
20091109,1093.08
20091110,1093.01
20091111,1098.51
20091112,1087.24
20091113,1093.48
20091116,1109.3
20091117,1110.32
20091118,1109.8
20091119,1094.9
20091120,1091.38
20091123,1106.24
20091124,1105.65
20091125,1110.63
20091127,1091.49
20091130,1095.63
20091201,1108.86
20091202,1109.24
20091203,1099.92
20091204,1105.98
20091207,1103.25
20091208,1091.94
20091209,1095.95
20091210,1102.35
20091211,1106.41
20091214,1114.11
20091215,1107.93
20091216,1109.18
20091217,1096.08
20091218,1102.47
20091221,1114.05
20091222,1118.02
20091223,1120.59
20091224,1126.48
20091228,1127.78
20091229,1126.2
20091230,1126.42
20091231,1115.1
20100104,1132.99
20100105,1136.52
20100106,1137.14
20100107,1141.69
20100108,1144.98
20100111,1146.98
20100112,1136.22
20100113,1145.68
20100114,1148.46
20100115,1136.03
20100119,1150.23
20100120,1138.04
20100121,1116.48
20100122,1091.76
20100125,1096.78
20100126,1092.17
20100127,1097.5
20100128,1084.53
20100129,1073.87
20100201,1089.19
20100202,1103.32
20100203,1097.28
20100204,1063.11
20100205,1066.19
20100208,1056.74
20100209,1070.52
20100210,1068.13
20100211,1078.47
20100212,1075.51
20100216,1094.87
20100217,1099.51
20100218,1106.75
20100219,1109.17
20100222,1108.01
20100223,1094.6
20100224,1105.24
20100225,1102.94
20100226,1104.49
20100301,1115.71
20100302,1118.31
20100303,1118.79
20100304,1122.97
20100305,1138.7
20100308,1138.5
20100309,1140.45
20100310,1145.61
20100311,1150.24
20100312,1149.99
20100315,1150.51
20100316,1159.46
20100317,1166.21
20100318,1165.83
20100319,1159.9
20100322,1165.81
20100323,1174.17
20100324,1167.72
20100325,1165.73
20100326,1166.59
20100329,1173.22
20100330,1173.27
20100331,1169.43
20100401,1178.1
20100405,1187.44
20100406,1189.44
20100407,1182.45
20100408,1186.44
20100409,1194.37
20100412,1196.48
20100413,1197.3
20100414,1210.65
20100415,1211.67
20100416,1192.13
20100419,1197.52
20100420,1207.17
20100421,1205.94
20100422,1208.67
20100423,1217.28
20100426,1212.05
20100427,1183.71
20100428,1191.36
20100429,1206.78
20100430,1186.69
20100503,1202.26
20100504,1173.6
20100505,1165.9
20100506,1128.15
20100507,1110.88
20100510,1159.73
20100511,1155.79
20100512,1171.67
20100513,1157.44
20100514,1135.68
20100517,1136.94
20100518,1120.8
20100519,1115.05
20100520,1071.59
20100521,1087.69
20100524,1073.65
20100525,1074.03
20100526,1067.95
20100527,1103.06
20100528,1089.41
20100601,1070.71
20100602,1098.38
20100603,1102.83
20100604,1064.88
20100607,1050.47
20100608,1062
20100609,1055.69
20100610,1086.84
20100611,1091.6
20100614,1089.63
20100615,1115.23
20100616,1114.61
20100617,1116.04
20100618,1117.51
20100621,1113.2
20100622,1095.31
20100623,1092.04
20100624,1073.69
20100625,1076.76
20100628,1074.57
20100629,1041.24
20100630,1030.71
20100701,1027.37
20100702,1022.58
20100706,1028.06
20100707,1060.27
20100708,1070.25
20100709,1077.96
20100712,1078.75
20100713,1095.34
20100714,1095.17
20100715,1096.48
20100716,1064.88
20100719,1071.25
20100720,1083.48
20100721,1069.59
20100722,1093.67
20100723,1102.66
20100726,1115.01
20100727,1113.84
20100728,1106.13
20100729,1101.53
20100730,1101.6
20100802,1125.86
20100803,1120.46
20100804,1127.24
20100805,1125.81
20100806,1121.64
20100809,1127.79
20100810,1121.06
20100811,1089.47
20100812,1083.61
20100813,1079.25
20100816,1079.38
20100817,1092.54
20100818,1094.16
20100819,1075.63
20100820,1071.69
20100823,1067.36
20100824,1051.87
20100825,1055.33
20100826,1047.22
20100827,1064.59
20100830,1048.92
20100831,1049.33
20100901,1080.29
20100902,1090.1
20100903,1104.51
20100907,1091.84
20100908,1098.87
20100909,1104.18
20100910,1109.55
20100913,1121.9
20100914,1121.1
20100915,1125.07
20100916,1124.66
20100917,1125.59
20100920,1142.71
20100921,1139.78
20100922,1134.28
20100923,1124.83
20100924,1148.67
20100927,1142.16
20100928,1147.7
20100929,1144.73
20100930,1141.2
20101001,1146.24
20101004,1137.03
20101005,1160.75
20101006,1159.97
20101007,1158.06
20101008,1165.15
20101011,1165.32
20101012,1169.77
20101013,1178.1
20101014,1173.81
20101015,1176.19
20101018,1184.71
20101019,1165.9
20101020,1178.17
20101021,1180.26
20101022,1183.08
20101025,1185.62
20101026,1185.64
20101027,1182.45
20101028,1183.78
20101029,1183.26
20101101,1184.38
20101102,1193.57
20101103,1197.96
20101104,1221.06
20101105,1225.85
20101108,1223.25
20101109,1213.4
20101110,1218.71
20101111,1213.54
20101112,1199.21
20101115,1197.75
20101116,1178.34
20101117,1178.59
20101118,1196.69
20101119,1199.73
20101122,1197.84
20101123,1180.73
20101124,1198.35
20101126,1189.4
20101129,1187.76
20101130,1180.55
20101201,1206.07
20101202,1221.53
20101203,1224.71
20101206,1223.12
20101207,1223.75
20101208,1228.28
20101209,1233
20101210,1240.4
20101213,1240.46
20101214,1241.59
20101215,1235.23
20101216,1242.87
20101217,1243.91
20101220,1247.08
20101221,1254.6
20101222,1258.84
20101223,1256.77
20101227,1257.54
20101228,1258.51
20101229,1259.78
20101230,1257.88
20101231,1257.64
20110103,1271.87
20110104,1270.2
20110105,1276.56
20110106,1273.85
20110107,1271.5
20110110,1269.75
20110111,1274.48
20110112,1285.96
20110113,1283.76
20110114,1293.24
20110118,1295.02
20110119,1281.92
20110120,1280.26
20110121,1283.35
20110124,1290.84
20110125,1291.18
20110126,1296.63
20110127,1299.54
20110128,1276.34
20110131,1286.12
20110201,1307.59
20110202,1304.03
20110203,1307.1
20110204,1310.87
20110207,1319.05
20110208,1324.57
20110209,1320.88
20110210,1321.87
20110211,1329.15
20110214,1332.32
20110215,1328.01
20110216,1336.32
20110217,1340.43
20110218,1343.01
20110222,1315.44
20110223,1307.4
20110224,1306.1
20110225,1319.88
20110228,1327.22
20110301,1306.33
20110302,1308.44
20110303,1330.97
20110304,1321.15
20110307,1310.13
20110308,1321.82
20110309,1320.02
20110310,1295.11
20110311,1304.28
20110314,1296.39
20110315,1281.87
20110316,1256.88
20110317,1273.72
20110318,1279.2
20110321,1298.38
20110322,1293.77
20110323,1297.54
20110324,1309.66
20110325,1313.8
20110328,1310.19
20110329,1319.44
20110330,1328.26
20110331,1325.83
20110401,1332.41
20110404,1332.87
20110405,1332.63
20110406,1335.54
20110407,1333.51
20110408,1328.17
20110411,1324.46
20110412,1314.16
20110413,1314.41
20110414,1314.52
20110415,1319.68
20110418,1305.14
20110419,1312.62
20110420,1330.36
20110421,1337.38
20110425,1335.25
20110426,1347.24
20110427,1355.66
20110428,1360.48
20110429,1363.61
20110502,1361.22
20110503,1356.62
20110504,1347.32
20110505,1335.1
20110506,1340.2
20110509,1346.29
20110510,1357.16
20110511,1342.08
20110512,1348.65
20110513,1337.77
20110516,1329.47
20110517,1328.98
20110518,1340.68
20110519,1343.6
20110520,1333.27
20110523,1317.37
20110524,1316.28
20110525,1320.47
20110526,1325.69
20110527,1331.1
20110531,1345.2
20110601,1314.55
20110602,1312.94
20110603,1300.16
20110606,1286.17
20110607,1284.94
20110608,1279.56
20110609,1289
20110610,1270.98
20110613,1271.83
20110614,1287.87
20110615,1265.42
20110616,1267.64
20110617,1271.5
20110620,1278.36
20110621,1295.52
20110622,1287.14
20110623,1283.5
20110624,1268.45
20110627,1280.1
20110628,1296.67
20110629,1307.41
20110630,1320.64
20110701,1339.67
20110705,1337.88
20110706,1339.22
20110707,1353.22
20110708,1343.8
20110711,1319.49
20110712,1313.64
20110713,1317.72
20110714,1308.87
20110715,1316.14
20110718,1305.44
20110719,1326.73
20110720,1325.84
20110721,1343.8
20110722,1345.02
20110725,1337.43
20110726,1331.94
20110727,1304.89
20110728,1300.67
20110729,1292.28
20110801,1286.94
20110802,1254.05
20110803,1260.34
20110804,1200.07
20110805,1199.38
20110808,1119.46
20110809,1172.53
20110810,1120.76
20110811,1172.64
20110812,1178.81
20110815,1204.49
20110816,1192.76
20110817,1193.89
20110818,1140.65
20110819,1123.53
20110822,1123.82
20110823,1162.35
20110824,1177.6
20110825,1159.27
20110826,1176.8
20110829,1210.08
20110830,1212.92
20110831,1218.89
20110901,1204.42
20110902,1173.97
20110906,1165.24
20110907,1198.62
20110908,1185.9
20110909,1154.23
20110912,1162.27
20110913,1172.87
20110914,1188.68
20110915,1209.11
20110916,1216.01
20110919,1204.09
20110920,1202.09
20110921,1166.76
20110922,1129.56
20110923,1136.43
20110926,1162.95
20110927,1175.38
20110928,1151.06
20110929,1160.4
20110930,1131.42
20111003,1099.23
20111004,1123.95
20111005,1144.03
20111006,1164.97
20111007,1155.46
20111010,1194.89
20111011,1195.54
20111012,1207.25
20111013,1203.66
20111014,1224.58
20111017,1200.86
20111018,1225.38
20111019,1209.88
20111020,1215.39
20111021,1238.25
20111024,1254.19
20111025,1229.05
20111026,1242
20111027,1284.59
20111028,1285.09
20111031,1253.3
20111101,1218.28
20111102,1237.9
20111103,1261.15
20111104,1253.23
20111107,1261.12
20111108,1275.92
20111109,1229.1
20111110,1239.69
20111111,1263.85
20111114,1251.78
20111115,1257.81
20111116,1236.91
20111117,1216.13
20111118,1215.65
20111121,1192.98
20111122,1188.04
20111123,1161.79
20111125,1158.67
20111128,1192.55
20111129,1195.19
20111130,1246.96
20111201,1244.58
20111202,1244.28
20111205,1257.08
20111206,1258.47
20111207,1261.01
20111208,1234.35
20111209,1255.19
20111212,1236.47
20111213,1225.73
20111214,1211.82
20111215,1215.75
20111216,1219.66
20111219,1205.35
20111220,1241.3
20111221,1243.72
20111222,1254
20111223,1265.33
20111227,1265.43
20111228,1249.64
20111229,1263.02
20111230,1257.6
20120103,1277.06
20120104,1277.3
20120105,1281.06
20120106,1277.81
20120109,1280.7
20120110,1292.08
20120111,1292.48
20120112,1295.5
20120113,1289.09
20120117,1293.67
20120118,1308.04
20120119,1314.5
20120120,1315.38
20120123,1316
20120124,1314.65
20120125,1326.05
20120126,1318.43
20120127,1316.33
20120130,1313.01
20120131,1312.41
20120201,1324.09
20120202,1325.54
20120203,1344.9
20120206,1344.33
20120207,1347.05
20120208,1349.96
20120209,1351.95
20120210,1342.64
20120213,1351.77
20120214,1350.5
20120215,1343.23
20120216,1358.04
20120217,1361.23
20120221,1362.21
20120222,1357.66
20120223,1363.46
20120224,1365.74
20120227,1367.59
20120228,1372.18
20120229,1365.68
20120301,1374.09
20120302,1369.63
20120305,1364.33
20120306,1343.36
20120307,1352.63
20120308,1365.91
20120309,1370.87
20120312,1371.09
20120313,1395.95
20120314,1394.28
20120315,1402.6
20120316,1404.17
20120319,1409.75
20120320,1405.52
20120321,1402.89
20120322,1392.78
20120323,1397.11
20120326,1416.51
20120327,1412.52
20120328,1405.54
20120329,1403.28
20120330,1408.47
20120402,1419.04
20120403,1413.38
20120404,1398.96
20120405,1398.08
20120409,1382.2
20120410,1358.59
20120411,1368.71
20120412,1387.57
20120413,1370.26
20120416,1369.57
20120417,1390.78
20120418,1385.14
20120419,1376.92
20120420,1378.53
20120423,1366.94
20120424,1371.97
20120425,1390.69
20120426,1399.98
20120427,1403.36
20120430,1397.91
20120501,1405.82
20120502,1402.31
20120503,1391.57
20120504,1369.1
20120507,1369.58
20120508,1363.72
20120509,1354.58
20120510,1357.99
20120511,1353.39
20120514,1338.35
20120515,1330.66
20120516,1324.8
20120517,1304.86
20120518,1295.22
20120521,1315.99
20120522,1316.63
20120523,1318.86
20120524,1320.68
20120525,1317.82
20120529,1332.42
20120530,1313.32
20120531,1310.33
20120601,1278.04
20120604,1278.18
20120605,1285.5
20120606,1315.13
20120607,1314.99
20120608,1325.66
20120611,1308.93
20120612,1324.18
20120613,1314.88
20120614,1329.1
20120615,1342.84
20120618,1344.78
20120619,1357.98
20120620,1355.69
20120621,1325.51
20120622,1335.02
20120625,1313.72
20120626,1319.99
20120627,1331.85
20120628,1329.04
20120629,1362.16
20120702,1365.51
20120703,1374.02
20120705,1367.58
20120706,1354.68
20120709,1352.46
20120710,1341.47
20120711,1341.45
20120712,1334.76
20120713,1356.78
20120716,1353.64
20120717,1363.67
20120718,1372.78
20120719,1376.51
20120720,1362.66
20120723,1350.52
20120724,1338.31
20120725,1337.89
20120726,1360.02
20120727,1385.97
20120730,1385.3
20120731,1379.32
20120801,1375.14
20120802,1365
20120803,1390.99
20120806,1394.23
20120807,1401.35
20120808,1402.22
20120809,1402.8
20120810,1405.87
20120813,1404.11
20120814,1403.93
20120815,1405.53
20120816,1415.51
20120817,1418.16
20120820,1418.13
20120821,1413.17
20120822,1413.49
20120823,1402.08
20120824,1411.13
20120827,1410.44
20120828,1409.3
20120829,1410.49
20120830,1399.48
20120831,1406.58
20120904,1404.94
20120905,1403.44
20120906,1432.12
20120907,1437.92
20120910,1429.08
20120911,1433.56
20120912,1436.56
20120913,1459.99
20120914,1465.77
20120917,1461.19
20120918,1459.32
20120919,1461.05
20120920,1460.26
20120921,1460.15
20120924,1456.89
20120925,1441.59
20120926,1433.32
20120927,1447.15
20120928,1440.67
20121001,1444.49
20121002,1445.75
20121003,1450.99
20121004,1461.4
20121005,1460.93
20121008,1455.88
20121009,1441.48
20121010,1432.56
20121011,1432.84
20121012,1428.59
20121015,1440.13
20121016,1454.92
20121017,1460.91
20121018,1457.34
20121019,1433.19
20121022,1433.82
20121023,1413.11
20121024,1408.75
20121025,1412.97
20121026,1411.94
20121031,1412.16
20121101,1427.59
20121102,1414.2
20121105,1417.26
20121106,1428.39
20121107,1394.53
20121108,1377.51
20121109,1379.85
20121112,1380.03
20121113,1374.53
20121114,1355.49
20121115,1353.33
20121116,1359.88
20121119,1386.89
20121120,1387.81
20121121,1391.03
20121123,1409.15
20121126,1406.29
20121127,1398.94
20121128,1409.93
20121129,1415.95
20121130,1416.18
20121203,1409.46
20121204,1407.05
20121205,1409.28
20121206,1413.94
20121207,1418.07
20121210,1418.55
20121211,1427.84
20121212,1428.48
20121213,1419.45
20121214,1413.58
20121217,1430.36
20121218,1446.79
20121219,1435.81
20121220,1443.69
20121221,1430.15
20121224,1426.66
20121226,1419.83
20121227,1418.1
20121228,1402.43
20121231,1426.19
